<?xml version="1.0" encoding="UTF-8"?>
<GenRun Id="impl_1" LaunchPart="xc7a100tcsg324-1" LaunchTime="1551475768">
  <File Type="PWROPT-DRC" Name="SHA256_TopModule_drc_pwropted.rpt"/>
  <File Type="OPT-METHODOLOGY-DRC" Name="SHA256_TopModule_methodology_drc_opted.rpt"/>
  <File Type="INIT-TIMING" Name="SHA256_TopModule_timing_summary_init.rpt"/>
  <File Type="ROUTE-PWR-RPX" Name="SHA256_TopModule_power_routed.rpx"/>
  <File Type="PA-TCL" Name="SHA256_TopModule.tcl"/>
  <File Type="OPT-HWDEF" Name="SHA256_TopModule.hwdef"/>
  <File Type="RDI-RDI" Name="SHA256_TopModule.vdi"/>
  <File Type="OPT-DCP" Name="SHA256_TopModule_opt.dcp"/>
  <File Type="OPT-DRC" Name="SHA256_TopModule_drc_opted.rpt"/>
  <File Type="OPT-TIMING" Name="SHA256_TopModule_timing_summary_opted.rpt"/>
  <File Type="PWROPT-DCP" Name="SHA256_TopModule_pwropt.dcp"/>
  <File Type="PWROPT-TIMING" Name="SHA256_TopModule_timing_summary_pwropted.rpt"/>
  <File Type="PLACE-DCP" Name="SHA256_TopModule_placed.dcp"/>
  <File Type="PLACE-IO" Name="SHA256_TopModule_io_placed.rpt"/>
  <File Type="PLACE-CLK" Name="SHA256_TopModule_clock_utilization_placed.rpt"/>
  <File Type="PLACE-UTIL" Name="SHA256_TopModule_utilization_placed.rpt"/>
  <File Type="PLACE-UTIL-PB" Name="SHA256_TopModule_utilization_placed.pb"/>
  <File Type="PLACE-CTRL" Name="SHA256_TopModule_control_sets_placed.rpt"/>
  <File Type="PLACE-SIMILARITY" Name="SHA256_TopModule_incremental_reuse_placed.rpt"/>
  <File Type="PLACE-PRE-SIMILARITY" Name="SHA256_TopModule_incremental_reuse_pre_placed.rpt"/>
  <File Type="PLACE-TIMING" Name="SHA256_TopModule_timing_summary_placed.rpt"/>
  <File Type="POSTPLACE-PWROPT-DCP" Name="SHA256_TopModule_postplace_pwropt.dcp"/>
  <File Type="POSTPLACE-PWROPT-TIMING" Name="SHA256_TopModule_timing_summary_postplace_pwropted.rpt"/>
  <File Type="PHYSOPT-DCP" Name="SHA256_TopModule_physopt.dcp"/>
  <File Type="PHYSOPT-DRC" Name="SHA256_TopModule_drc_physopted.rpt"/>
  <File Type="PHYSOPT-TIMING" Name="SHA256_TopModule_timing_summary_physopted.rpt"/>
  <File Type="ROUTE-ERROR-DCP" Name="SHA256_TopModule_routed_error.dcp"/>
  <File Type="ROUTE-DCP" Name="SHA256_TopModule_routed.dcp"/>
  <File Type="ROUTE-BLACKBOX-DCP" Name="SHA256_TopModule_routed_bb.dcp"/>
  <File Type="ROUTE-DRC" Name="SHA256_TopModule_drc_routed.rpt"/>
  <File Type="ROUTE-DRC-PB" Name="SHA256_TopModule_drc_routed.pb"/>
  <File Type="BG-BIN" Name="SHA256_TopModule.bin"/>
  <File Type="ROUTE-DRC-RPX" Name="SHA256_TopModule_drc_routed.rpx"/>
  <File Type="BG-DRC" Name="SHA256_TopModule.drc"/>
  <File Type="ROUTE-METHODOLOGY-DRC" Name="SHA256_TopModule_methodology_drc_routed.rpt"/>
  <File Type="BITSTR-MSK" Name="SHA256_TopModule.msk"/>
  <File Type="ROUTE-METHODOLOGY-DRC-RPX" Name="SHA256_TopModule_methodology_drc_routed.rpx"/>
  <File Type="BG-BGN" Name="SHA256_TopModule.bgn"/>
  <File Type="ROUTE-METHODOLOGY-DRC-PB" Name="SHA256_TopModule_methodology_drc_routed.pb"/>
  <File Type="ROUTE-PWR" Name="SHA256_TopModule_power_routed.rpt"/>
  <File Type="ROUTE-PWR-SUM" Name="SHA256_TopModule_power_summary_routed.pb"/>
  <File Type="ROUTE-STATUS" Name="SHA256_TopModule_route_status.rpt"/>
  <File Type="ROUTE-STATUS-PB" Name="SHA256_TopModule_route_status.pb"/>
  <File Type="ROUTE-TIMINGSUMMARY" Name="SHA256_TopModule_timing_summary_routed.rpt"/>
  <File Type="ROUTE-TIMING-PB" Name="SHA256_TopModule_timing_summary_routed.pb"/>
  <File Type="ROUTE-TIMING-RPX" Name="SHA256_TopModule_timing_summary_routed.rpx"/>
  <File Type="ROUTE-SIMILARITY" Name="SHA256_TopModule_incremental_reuse_routed.rpt"/>
  <File Type="ROUTE-CLK" Name="SHA256_TopModule_clock_utilization_routed.rpt"/>
  <File Type="POSTROUTE-PHYSOPT-DCP" Name="SHA256_TopModule_postroute_physopt.dcp"/>
  <File Type="POSTROUTE-PHYSOPT-BLACKBOX-DCP" Name="SHA256_TopModule_postroute_physopt_bb.dcp"/>
  <File Type="POSTROUTE-PHYSOPT-TIMING" Name="SHA256_TopModule_timing_summary_postroute_physopted.rpt"/>
  <File Type="POSTROUTE-PHYSOPT-TIMING-PB" Name="SHA256_TopModule_timing_summary_postroute_physopted.pb"/>
  <File Type="POSTROUTE-PHYSOPT-TIMING-RPX" Name="SHA256_TopModule_timing_summary_postroute_physopted.rpx"/>
  <File Type="BG-BIT" Name="SHA256_TopModule.bit"/>
  <File Type="BITSTR-RBT" Name="SHA256_TopModule.rbt"/>
  <File Type="BITSTR-NKY" Name="SHA256_TopModule.nky"/>
  <File Type="BITSTR-BMM" Name="SHA256_TopModule_bd.bmm"/>
  <File Type="BITSTR-MMI" Name="SHA256_TopModule.mmi"/>
  <File Type="BITSTR-SYSDEF" Name="SHA256_TopModule.sysdef"/>
  <File Type="WBT-USG" Name="usage_statistics_webtalk.html"/>
  <FileSet Name="sources" Type="DesignSrcs" RelSrcDir="$PSRCDIR/sources_1">
    <Filter Type="Srcs"/>
    <File Path="$PSRCDIR/sources_1/new/SHA256_Registers.v">
      <FileInfo>
        <Attr Name="UsedIn" Val="synthesis"/>
        <Attr Name="UsedIn" Val="implementation"/>
        <Attr Name="UsedIn" Val="simulation"/>
      </FileInfo>
    </File>
    <File Path="$PSRCDIR/sources_1/new/Register_Nbit.v">
      <FileInfo>
        <Attr Name="UsedIn" Val="synthesis"/>
        <Attr Name="UsedIn" Val="implementation"/>
        <Attr Name="UsedIn" Val="simulation"/>
      </FileInfo>
    </File>
    <File Path="$PSRCDIR/sources_1/new/SignedExtend.v">
      <FileInfo>
        <Attr Name="UsedIn" Val="synthesis"/>
        <Attr Name="UsedIn" Val="implementation"/>
        <Attr Name="UsedIn" Val="simulation"/>
      </FileInfo>
    </File>
    <File Path="$PSRCDIR/sources_1/new/ShiftLeft2_32to32.v">
      <FileInfo>
        <Attr Name="UsedIn" Val="synthesis"/>
        <Attr Name="UsedIn" Val="implementation"/>
        <Attr Name="UsedIn" Val="simulation"/>
      </FileInfo>
    </File>
    <File Path="$PSRCDIR/sources_1/new/ShiftLeft2_26to28.v">
      <FileInfo>
        <Attr Name="UsedIn" Val="synthesis"/>
        <Attr Name="UsedIn" Val="implementation"/>
        <Attr Name="UsedIn" Val="simulation"/>
      </FileInfo>
    </File>
    <File Path="$PSRCDIR/sources_1/new/RegisterFile.v">
      <FileInfo>
        <Attr Name="UsedIn" Val="synthesis"/>
        <Attr Name="UsedIn" Val="implementation"/>
        <Attr Name="UsedIn" Val="simulation"/>
      </FileInfo>
    </File>
    <File Path="$PSRCDIR/sources_1/new/Mux_4to1_Nbit.v">
      <FileInfo>
        <Attr Name="UsedIn" Val="synthesis"/>
        <Attr Name="UsedIn" Val="implementation"/>
        <Attr Name="UsedIn" Val="simulation"/>
      </FileInfo>
    </File>
    <File Path="$PSRCDIR/sources_1/new/Mux_2to1_Nbit.v">
      <FileInfo>
        <Attr Name="UsedIn" Val="synthesis"/>
        <Attr Name="UsedIn" Val="implementation"/>
        <Attr Name="UsedIn" Val="simulation"/>
      </FileInfo>
    </File>
    <File Path="$PSRCDIR/sources_1/new/InstrMem.v">
      <FileInfo>
        <Attr Name="UsedIn" Val="synthesis"/>
        <Attr Name="UsedIn" Val="implementation"/>
        <Attr Name="UsedIn" Val="simulation"/>
      </FileInfo>
    </File>
    <File Path="$PSRCDIR/sources_1/new/HFnc.v">
      <FileInfo>
        <Attr Name="UsedIn" Val="synthesis"/>
        <Attr Name="UsedIn" Val="implementation"/>
        <Attr Name="UsedIn" Val="simulation"/>
      </FileInfo>
    </File>
    <File Path="$PSRCDIR/sources_1/new/HazDetUnit.v">
      <FileInfo>
        <Attr Name="UsedIn" Val="synthesis"/>
        <Attr Name="UsedIn" Val="implementation"/>
        <Attr Name="UsedIn" Val="simulation"/>
      </FileInfo>
    </File>
    <File Path="$PSRCDIR/sources_1/new/FwdUnitHFnc.v">
      <FileInfo>
        <Attr Name="UsedIn" Val="synthesis"/>
        <Attr Name="UsedIn" Val="implementation"/>
        <Attr Name="UsedIn" Val="simulation"/>
      </FileInfo>
    </File>
    <File Path="$PSRCDIR/sources_1/new/FwdUnitCmp.v">
      <FileInfo>
        <Attr Name="UsedIn" Val="synthesis"/>
        <Attr Name="UsedIn" Val="implementation"/>
        <Attr Name="UsedIn" Val="simulation"/>
      </FileInfo>
    </File>
    <File Path="$PSRCDIR/sources_1/new/FwdUnitAlu.v">
      <FileInfo>
        <Attr Name="UsedIn" Val="synthesis"/>
        <Attr Name="UsedIn" Val="implementation"/>
        <Attr Name="UsedIn" Val="simulation"/>
      </FileInfo>
    </File>
    <File Path="$PSRCDIR/sources_1/new/DataMem.v">
      <FileInfo>
        <Attr Name="UsedIn" Val="synthesis"/>
        <Attr Name="UsedIn" Val="implementation"/>
        <Attr Name="UsedIn" Val="simulation"/>
      </FileInfo>
    </File>
    <File Path="$PSRCDIR/sources_1/new/Cmp_Nbit.v">
      <FileInfo>
        <Attr Name="UsedIn" Val="synthesis"/>
        <Attr Name="UsedIn" Val="implementation"/>
        <Attr Name="UsedIn" Val="simulation"/>
      </FileInfo>
    </File>
    <File Path="$PSRCDIR/sources_1/imports/Processor Project/ALUCtrl.v">
      <FileInfo>
        <Attr Name="ImportPath" Val="$PPRDIR/../../ALUCtrl.v"/>
        <Attr Name="ImportTime" Val="1550896984"/>
        <Attr Name="UsedIn" Val="synthesis"/>
        <Attr Name="UsedIn" Val="implementation"/>
        <Attr Name="UsedIn" Val="simulation"/>
      </FileInfo>
    </File>
    <File Path="$PSRCDIR/sources_1/new/ALU.v">
      <FileInfo>
        <Attr Name="UsedIn" Val="synthesis"/>
        <Attr Name="UsedIn" Val="implementation"/>
        <Attr Name="UsedIn" Val="simulation"/>
      </FileInfo>
    </File>
    <File Path="$PSRCDIR/sources_1/new/Add.v">
      <FileInfo>
        <Attr Name="UsedIn" Val="synthesis"/>
        <Attr Name="UsedIn" Val="implementation"/>
        <Attr Name="UsedIn" Val="simulation"/>
      </FileInfo>
    </File>
    <File Path="$PSRCDIR/sources_1/new/BarrelShifter_Nbit.v">
      <FileInfo>
        <Attr Name="UsedIn" Val="synthesis"/>
        <Attr Name="UsedIn" Val="implementation"/>
        <Attr Name="UsedIn" Val="simulation"/>
      </FileInfo>
    </File>
    <File Path="$PSRCDIR/sources_1/new/MainCtrlUnitA.v">
      <FileInfo>
        <Attr Name="UsedIn" Val="synthesis"/>
        <Attr Name="UsedIn" Val="implementation"/>
        <Attr Name="UsedIn" Val="simulation"/>
      </FileInfo>
    </File>
    <File Path="$PSRCDIR/sources_1/new/MainCtrlUnitB.v">
      <FileInfo>
        <Attr Name="UsedIn" Val="synthesis"/>
        <Attr Name="UsedIn" Val="implementation"/>
        <Attr Name="UsedIn" Val="simulation"/>
      </FileInfo>
    </File>
    <File Path="$PSRCDIR/sources_1/new/hashcpu.v">
      <FileInfo>
        <Attr Name="UsedIn" Val="synthesis"/>
        <Attr Name="UsedIn" Val="implementation"/>
        <Attr Name="UsedIn" Val="simulation"/>
      </FileInfo>
    </File>
    <File Path="$PSRCDIR/sources_1/new/MainCtrlUnit.v">
      <FileInfo>
        <Attr Name="UsedIn" Val="synthesis"/>
        <Attr Name="UsedIn" Val="implementation"/>
        <Attr Name="UsedIn" Val="simulation"/>
      </FileInfo>
    </File>
    <File Path="$PSRCDIR/sources_1/new/mem.v">
      <FileInfo>
        <Attr Name="UsedIn" Val="synthesis"/>
        <Attr Name="UsedIn" Val="implementation"/>
        <Attr Name="UsedIn" Val="simulation"/>
      </FileInfo>
    </File>
    <File Path="$PSRCDIR/sources_1/new/ForwardingUnit_ALU_EX.v">
      <FileInfo>
        <Attr Name="UsedIn" Val="synthesis"/>
        <Attr Name="UsedIn" Val="implementation"/>
        <Attr Name="UsedIn" Val="simulation"/>
      </FileInfo>
    </File>
    <File Path="$PPRDIR/dataRAM.mem">
      <FileInfo>
        <Attr Name="UsedIn" Val="synthesis"/>
        <Attr Name="UsedIn" Val="simulation"/>
      </FileInfo>
    </File>
    <File Path="$PPRDIR/instrROM.mem">
      <FileInfo>
        <Attr Name="UsedIn" Val="synthesis"/>
        <Attr Name="UsedIn" Val="simulation"/>
      </FileInfo>
    </File>
    <File Path="$PSRCDIR/sources_1/imports/ECE_4300_Hash/_mem_test.mem">
      <FileInfo>
        <Attr Name="UserDisabled" Val="1"/>
        <Attr Name="ImportPath" Val="$PPRDIR/_mem_test.mem"/>
        <Attr Name="ImportTime" Val="1550455089"/>
        <Attr Name="UsedIn" Val="synthesis"/>
        <Attr Name="UsedIn" Val="simulation"/>
      </FileInfo>
    </File>
    <File Path="$PPRDIR/_blk_mem_sample.coe">
      <FileInfo>
        <Attr Name="UsedIn" Val="synthesis"/>
        <Attr Name="UsedIn" Val="simulation"/>
      </FileInfo>
    </File>
    <File Path="$PPRDIR/_testInstr_b.mem">
      <FileInfo>
        <Attr Name="UsedIn" Val="synthesis"/>
        <Attr Name="UsedIn" Val="simulation"/>
      </FileInfo>
    </File>
    <File Path="$PPRDIR/_InitRegisterFile.mem">
      <FileInfo>
        <Attr Name="UsedIn" Val="synthesis"/>
        <Attr Name="UsedIn" Val="simulation"/>
      </FileInfo>
    </File>
    <File Path="$PPRDIR/_instrMEM_b.mem">
      <FileInfo>
        <Attr Name="UsedIn" Val="synthesis"/>
        <Attr Name="UsedIn" Val="simulation"/>
      </FileInfo>
    </File>
    <File Path="$PSRCDIR/sources_1/new/DisplayVGAInfo.v">
      <FileInfo>
        <Attr Name="UsedIn" Val="synthesis"/>
        <Attr Name="UsedIn" Val="implementation"/>
        <Attr Name="UsedIn" Val="simulation"/>
      </FileInfo>
    </File>
    <File Path="$PSRCDIR/sources_1/new/font_rom.v">
      <FileInfo>
        <Attr Name="UsedIn" Val="synthesis"/>
        <Attr Name="UsedIn" Val="implementation"/>
        <Attr Name="UsedIn" Val="simulation"/>
      </FileInfo>
    </File>
    <File Path="$PSRCDIR/sources_1/new/vga_sync_v6.v">
      <FileInfo>
        <Attr Name="UsedIn" Val="synthesis"/>
        <Attr Name="UsedIn" Val="implementation"/>
        <Attr Name="UsedIn" Val="simulation"/>
      </FileInfo>
    </File>
    <File Path="$PSRCDIR/sources_1/new/SHA256_TopModule.v">
      <FileInfo>
        <Attr Name="UsedIn" Val="synthesis"/>
        <Attr Name="UsedIn" Val="implementation"/>
        <Attr Name="UsedIn" Val="simulation"/>
      </FileInfo>
    </File>
    <Config>
      <Option Name="DesignMode" Val="RTL"/>
      <Option Name="TopModule" Val="SHA256_TopModule"/>
    </Config>
  </FileSet>
  <FileSet Name="constrs_in" Type="Constrs" RelSrcDir="$PSRCDIR/constrs_1">
    <Filter Type="Constrs"/>
    <File Path="$PPRDIR/Nexys4DDR_VGA.xdc">
      <FileInfo>
        <Attr Name="UsedIn" Val="synthesis"/>
        <Attr Name="UsedIn" Val="implementation"/>
      </FileInfo>
    </File>
    <Config>
      <Option Name="ConstrsType" Val="XDC"/>
    </Config>
  </FileSet>
  <Strategy Version="1" Minor="2">
    <StratHandle Name="Vivado Implementation Defaults" Flow="Vivado Implementation 2016"/>
    <Step Id="init_design"/>
    <Step Id="opt_design"/>
    <Step Id="power_opt_design"/>
    <Step Id="place_design"/>
    <Step Id="post_place_power_opt_design"/>
    <Step Id="phys_opt_design"/>
    <Step Id="route_design"/>
    <Step Id="post_route_phys_opt_design"/>
    <Step Id="write_bitstream"/>
  </Strategy>
  <BlockFileSet Type="BlockSrcs" Name="clk_wiz_0"/>
</GenRun>
